Journal,Count
PLANT PHYSIOLOGY,5854
THE PLANT JOURNAL : FOR CELL AND MOLECULAR BIOLOGY,4491
THE PLANT CELL,3873
FRONTIERS IN PLANT SCIENCE,3350
JOURNAL OF EXPERIMENTAL BOTANY,2476
PROCEEDINGS OF THE NATIONAL ACADEMY OF SCIENCES OF THE UNITED STATES OF AMERICA,2045
PLANT & CELL PHYSIOLOGY,1858
PLANT SIGNALING & BEHAVIOR,1747
PLANT MOLECULAR BIOLOGY,1715
PLOS ONE,1592
THE NEW PHYTOLOGIST,1545
INTERNATIONAL JOURNAL OF MOLECULAR SCIENCES,1477
PLANTA,1395
BMC PLANT BIOLOGY,1165
THE JOURNAL OF BIOLOGICAL CHEMISTRY,1138
PLANT PHYSIOLOGY AND BIOCHEMISTRY : PPB,921
PLANT SCIENCE : AN INTERNATIONAL JOURNAL OF EXPERIMENTAL PLANT BIOLOGY,879
"METHODS IN MOLECULAR BIOLOGY (CLIFTON, N.J.)",875
SCIENTIFIC REPORTS,858
"PLANT, CELL & ENVIRONMENT",807
MOLECULAR PLANT,790
PLANT CELL REPORTS,707
"PLANTS (BASEL, SWITZERLAND)",669
JOURNAL OF PLANT PHYSIOLOGY,609
FEBS LETTERS,599
"DEVELOPMENT (CAMBRIDGE, ENGLAND)",589
NUCLEIC ACIDS RESEARCH,586
BMC GENOMICS,550
PLOS GENETICS,546
MOLECULAR PLANT-MICROBE INTERACTIONS : MPMI,539
CURRENT BIOLOGY : CB,539
NATURE COMMUNICATIONS,518
BIOCHEMICAL AND BIOPHYSICAL RESEARCH COMMUNICATIONS,511
JOURNAL OF INTEGRATIVE PLANT BIOLOGY,511
PHYSIOLOGIA PLANTARUM,492
GENE,462
GENETICS,410
PLANT BIOTECHNOLOGY JOURNAL,408
"SCIENCE (NEW YORK, N.Y.)",389
NATURE,334
NATURE PLANTS,322
PHYTOCHEMISTRY,319
TAG. THEORETICAL AND APPLIED GENETICS. THEORETISCHE UND ANGEWANDTE GENETIK,304
THE EMBO JOURNAL,290
BIOCHIMICA ET BIOPHYSICA ACTA,286
MOLECULAR PLANT PATHOLOGY,279
GENES,266
ANNALS OF BOTANY,257
TRENDS IN PLANT SCIENCE,251
THE BIOCHEMICAL JOURNAL,245
"PLANT BIOLOGY (STUTTGART, GERMANY)",232
"BIOSCIENCE, BIOTECHNOLOGY, AND BIOCHEMISTRY",231
CURRENT OPINION IN PLANT BIOLOGY,229
PLANT METHODS,229
JOURNAL OF AGRICULTURAL AND FOOD CHEMISTRY,214
FUNCTIONAL PLANT BIOLOGY : FPB,210
JOURNAL OF PLANT RESEARCH,210
MOLECULAR GENETICS AND GENOMICS : MGG,210
GENES & DEVELOPMENT,205
MOLECULAR BIOLOGY REPORTS,197
MOLECULAR BIOLOGY AND EVOLUTION,190
CELL,182
PLANT DIRECT,181
MOLECULES AND CELLS,173
PROTOPLASMA,171
MOLECULAR & GENERAL GENETICS : MGG,169
ELIFE,168
DEVELOPMENTAL CELL,162
GENOME BIOLOGY,158
PEERJ,146
HORTICULTURE RESEARCH,146
BIOCHEMISTRY,137
PHOTOSYNTHESIS RESEARCH,136
BMC BIOINFORMATICS,129
"BIOINFORMATICS (OXFORD, ENGLAND)",127
THE FEBS JOURNAL,126
JOURNAL OF MOLECULAR BIOLOGY,124
TRANSGENIC RESEARCH,124
FRONTIERS IN GENETICS,118
BIO-PROTOCOL,113
"PLANT BIOTECHNOLOGY (TOKYO, JAPAN)",112
PLOS PATHOGENS,111
FRONTIERS IN MICROBIOLOGY,107
JOURNAL OF CELL SCIENCE,106
MOLECULAR ECOLOGY,102
CELL RESEARCH,100
AMERICAN JOURNAL OF BOTANY,100
EUROPEAN JOURNAL OF BIOCHEMISTRY,99
PLANT COMMUNICATIONS,98
"G3 (BETHESDA, MD.)",98
FUNCTIONAL & INTEGRATIVE GENOMICS,96
DNA RESEARCH : AN INTERNATIONAL JOURNAL FOR RAPID PUBLICATION OF REPORTS ON GENES AND GENOMES,96
CELL REPORTS,94
GENOME RESEARCH,92
BIOCHEMICAL SOCIETY TRANSACTIONS,92
GENOME,92
PLOS BIOLOGY,89
PHYSIOLOGY AND MOLECULAR BIOLOGY OF PLANTS : AN INTERNATIONAL JOURNAL OF FUNCTIONAL PLANT BIOLOGY,88
GENETICS AND MOLECULAR RESEARCH : GMR,88
PROTEOMICS,86
CELLS,86
JOURNAL OF GENETICS AND GENOMICS = YI CHUAN XUE BAO,83
TREE PHYSIOLOGY,82
MOLECULAR & CELLULAR PROTEOMICS : MCP,81
INTERNATIONAL JOURNAL OF BIOLOGICAL MACROMOLECULES,81
JOURNAL OF VISUALIZED EXPERIMENTS : JOVE,80
PLANT REPRODUCTION,79
NATURE GENETICS,79
JOURNAL OF PROTEOME RESEARCH,78
MOLECULAR CELL,77
DEVELOPMENTAL BIOLOGY,76
YI CHUAN = HEREDITAS,74
ARCHIVES OF BIOCHEMISTRY AND BIOPHYSICS,74
GENOMICS,74
JOURNAL OF HAZARDOUS MATERIALS,74
EMBO REPORTS,73
"MOLECULES (BASEL, SWITZERLAND)",70
BIOMOLECULES,69
ECOTOXICOLOGY AND ENVIRONMENTAL SAFETY,69
GENES & GENETIC SYSTEMS,69
AUTOPHAGY,69
"ANTIOXIDANTS (BASEL, SWITZERLAND)",68
"RNA (NEW YORK, N.Y.)",67
COMMUNICATIONS BIOLOGY,65
SCIENCE ADVANCES,65
BIOTECHNOLOGY LETTERS,64
"PHILOSOPHICAL TRANSACTIONS OF THE ROYAL SOCIETY OF LONDON. SERIES B, BIOLOGICAL SCIENCES",64
PHYTOPATHOLOGY,64
3 BIOTECH,63
BIORXIV : THE PREPRINT SERVER FOR BIOLOGY,62
JOURNAL OF PROTEOMICS,59
"ACTA CRYSTALLOGRAPHICA. SECTION F, STRUCTURAL BIOLOGY AND CRYSTALLIZATION COMMUNICATIONS",59
JOURNAL OF MOLECULAR EVOLUTION,58
EVOLUTION; INTERNATIONAL JOURNAL OF ORGANIC EVOLUTION,58
SCIENCE CHINA. LIFE SCIENCES,57
VIROLOGY,56
BIOTECHNOLOGY FOR BIOFUELS,56
PROTEIN EXPRESSION AND PURIFICATION,56
JOURNAL OF BIOTECHNOLOGY,55
BMC EVOLUTIONARY BIOLOGY,55
BIOCHIMIE,55
MOLECULAR BIOLOGY OF THE CELL,55
JOURNAL OF VIROLOGY,54
APPLIED AND ENVIRONMENTAL MICROBIOLOGY,53
THE ARABIDOPSIS BOOK,52
GENOME BIOLOGY AND EVOLUTION,52
BMC RESEARCH NOTES,52
ANNUAL REVIEW OF PLANT BIOLOGY,51
RNA BIOLOGY,51
PEST MANAGEMENT SCIENCE,51
ENVIRONMENTAL SCIENCE & TECHNOLOGY,50
ANALYTICAL CHEMISTRY,49
MOLECULAR BIOTECHNOLOGY,48
SHENG WU GONG CHENG XUE BAO = CHINESE JOURNAL OF BIOTECHNOLOGY,47
THE SCIENCE OF THE TOTAL ENVIRONMENT,47
CELL HOST & MICROBE,46
GENETIKA,46
CHEMOSPHERE,45
ISCIENCE,45
NATURE BIOTECHNOLOGY,44
ANALYTICAL BIOCHEMISTRY,43
JOURNAL OF CHEMICAL ECOLOGY,42
BMC SYSTEMS BIOLOGY,42
HEREDITY,42
PHOTOCHEMISTRY AND PHOTOBIOLOGY,41
METHODS IN ENZYMOLOGY,41
BMC BIOLOGY,40
"JOURNAL OF PHOTOCHEMISTRY AND PHOTOBIOLOGY. B, BIOLOGY",40
"CHROMOSOME RESEARCH : AN INTERNATIONAL JOURNAL ON THE MOLECULAR, SUPRAMOLECULAR AND EVOLUTIONARY ASPECTS OF CHROMOSOME BIOLOGY",39
ZHI WU SHENG LI YU FEN ZI SHENG WU XUE XUE BAO = JOURNAL OF PLANT PHYSIOLOGY AND MOLECULAR BIOLOGY,38
JOURNAL OF BACTERIOLOGY,37
CHROMOSOMA,37
PROTEIN SCIENCE : A PUBLICATION OF THE PROTEIN SOCIETY,37
"ENVIRONMENTAL POLLUTION (BARKING, ESSEX : 1987)",37
PROTEINS,37
MUTATION RESEARCH,37
NATURE PROTOCOLS,36
APPLIED MICROBIOLOGY AND BIOTECHNOLOGY,36
BIOLOGY,36
MOLECULAR AND CELLULAR BIOLOGY,36
PLOS COMPUTATIONAL BIOLOGY,36
CELLULAR AND MOLECULAR LIFE SCIENCES : CMLS,36
SCIENCE SIGNALING,35
THE JOURNAL OF GENERAL VIROLOGY,35
JOURNAL OF THEORETICAL BIOLOGY,35
"TRAFFIC (COPENHAGEN, DENMARK)",35
"LIFE (BASEL, SWITZERLAND)",34
METABOLITES,34
"RICE (NEW YORK, N.Y.)",34
JOURNAL OF BIOSCIENCES,34
PHOTOCHEMICAL & PHOTOBIOLOGICAL SCIENCES : OFFICIAL JOURNAL OF THE EUROPEAN PHOTOCHEMISTRY ASSOCIATION AND THE EUROPEAN SOCIETY FOR PHOTOBIOLOGY,33
AMINO ACIDS,33
METABOLIC ENGINEERING,33
AOB PLANTS,33
NATURE CHEMICAL BIOLOGY,32
ADVANCES IN SPACE RESEARCH : THE OFFICIAL JOURNAL OF THE COMMITTEE ON SPACE RESEARCH (COSPAR),32
"ACTA CRYSTALLOGRAPHICA. SECTION D, BIOLOGICAL CRYSTALLOGRAPHY",31
DATA IN BRIEF,31
ENVIRONMENTAL MICROBIOLOGY,31
GENES & GENOMICS,31
MOLECULAR MICROBIOLOGY,31
DNA SEQUENCE : THE JOURNAL OF DNA SEQUENCING AND MAPPING,31
THE JOURNAL OF CELL BIOLOGY,30
BIOLOGICAL CHEMISTRY,30
BIOPHYSICAL JOURNAL,29
"ZEITSCHRIFT FUR NATURFORSCHUNG. C, JOURNAL OF BIOSCIENCES",29
JOURNAL OF BIOSCIENCE AND BIOENGINEERING,29
JOURNAL OF BIOCHEMISTRY,29
JOURNAL OF PINEAL RESEARCH,29
COMMUNICATIVE & INTEGRATIVE BIOLOGY,28
ENVIRONMENTAL SCIENCE AND POLLUTION RESEARCH INTERNATIONAL,28
JOURNAL OF THE AMERICAN CHEMICAL SOCIETY,28
OECOLOGIA,28
NATURE CELL BIOLOGY,28
ZHONGGUO ZHONG YAO ZA ZHI = ZHONGGUO ZHONGYAO ZAZHI = CHINA JOURNAL OF CHINESE MATERIA MEDICA,28
DNA REPAIR,28
THE JOURNAL OF HEREDITY,27
BOTANICAL STUDIES,27
GENETICA,27
JOURNAL OF GENETICS,27
SEMINARS IN CELL & DEVELOPMENTAL BIOLOGY,27
"ACTA CRYSTALLOGRAPHICA. SECTION F, STRUCTURAL BIOLOGY COMMUNICATIONS",27
BIOORGANIC & MEDICINAL CHEMISTRY,26
LIPIDS,26
"BIOESSAYS : NEWS AND REVIEWS IN MOLECULAR, CELLULAR AND DEVELOPMENTAL BIOLOGY",26
COMPUTATIONAL BIOLOGY AND CHEMISTRY,26
FEBS OPEN BIO,25
GENETICS AND MOLECULAR BIOLOGY,25
BIOINFORMATION,25
BIOTECHNOLOGY AND BIOENGINEERING,25
MICROORGANISMS,25
CURRENT GENETICS,25
BMC BIOTECHNOLOGY,25
THE INTERNATIONAL JOURNAL OF DEVELOPMENTAL BIOLOGY,25
MOLECULAR SYSTEMS BIOLOGY,24
DATABASE : THE JOURNAL OF BIOLOGICAL DATABASES AND CURATION,24
BMB REPORTS,24
BRIEFINGS IN BIOINFORMATICS,24
GENES TO CELLS : DEVOTED TO MOLECULAR & CELLULAR MECHANISMS,24
JOURNAL OF CHROMATOGRAPHY. A,24
CYTOGENETIC AND GENOME RESEARCH,24
YI CHUAN XUE BAO = ACTA GENETICA SINICA,23
EUROPEAN JOURNAL OF CELL BIOLOGY,23
ELECTROPHORESIS,23
THE ISME JOURNAL,23
THE JOURNAL OF PHYSICAL CHEMISTRY. B,23
ECOLOGY AND EVOLUTION,23
MICROBIAL CELL FACTORIES,22
ANALYTICAL AND BIOANALYTICAL CHEMISTRY,22
CELL STRESS & CHAPERONES,22
JOURNAL OF EVOLUTIONARY BIOLOGY,22
GLYCOBIOLOGY,22
ACTA BIOCHIMICA POLONICA,22
VIRUSES,22
CHEMBIOCHEM : A EUROPEAN JOURNAL OF CHEMICAL BIOLOGY,22
ONTOGENEZ,21
EPIGENETICS,21
"JOURNAL OF CHROMATOGRAPHY. B, ANALYTICAL TECHNOLOGIES IN THE BIOMEDICAL AND LIFE SCIENCES",21
MICROBIOLOGICAL RESEARCH,21
MOLECULAR ECOLOGY RESOURCES,21
BIOCHEMISTRY. BIOKHIMIIA,21
STRESS BIOLOGY,21
MOLECULAR PHYLOGENETICS AND EVOLUTION,21
MICROPUBLICATION BIOLOGY,21
JOURNAL OF BIOMOLECULAR STRUCTURE & DYNAMICS,20
VIRUS RESEARCH,20
F1000RESEARCH,20
FRONTIERS IN CELL AND DEVELOPMENTAL BIOLOGY,20
MOLEKULIARNAIA BIOLOGIIA,20
ACTA BIOCHIMICA ET BIOPHYSICA SINICA,20
"SPECTROCHIMICA ACTA. PART A, MOLECULAR AND BIOMOLECULAR SPECTROSCOPY",20
"JOURNAL OF FUNGI (BASEL, SWITZERLAND)",20
ABIOTECH,20
TSITOLOGIIA I GENETIKA,20
JOURNAL OF MICROSCOPY,19
BIOCHIMICA ET BIOPHYSICA ACTA. BIOENERGETICS,19
CSH PROTOCOLS,19
DEVELOPMENT GENES AND EVOLUTION,19
MOLECULAR BIOSYSTEMS,19
STAR PROTOCOLS,19
CELL BIOLOGY INTERNATIONAL,18
TRENDS IN GENETICS : TIG,18
BIOMED RESEARCH INTERNATIONAL,18
COMPUTATIONAL AND STRUCTURAL BIOTECHNOLOGY JOURNAL,18
"STRUCTURE (LONDON, ENGLAND : 1993)",18
SYMPOSIA OF THE SOCIETY FOR EXPERIMENTAL BIOLOGY,18
METALLOMICS : INTEGRATED BIOMETAL SCIENCE,18
BMC GENETICS,18
ACS CHEMICAL BIOLOGY,18
FRONTIERS IN BIOENGINEERING AND BIOTECHNOLOGY,18
PROGRESS IN LIPID RESEARCH,18
ACS SYNTHETIC BIOLOGY,18
JOURNAL OF STRUCTURAL BIOLOGY,18
THE PLANT GENOME,18
PLANT DISEASE,18
DOKLADY. BIOCHEMISTRY AND BIOPHYSICS,17
CARBOHYDRATE RESEARCH,17
THE PLANT PATHOLOGY JOURNAL,17
FREE RADICAL BIOLOGY & MEDICINE,17
FRONTIERS IN MOLECULAR BIOSCIENCES,17
EVOLUTIONARY BIOINFORMATICS ONLINE,17
ANTIOXIDANTS & REDOX SIGNALING,17
"SCIENCE IN CHINA. SERIES C, LIFE SCIENCES",17
INTERNATIONAL JOURNAL OF GENOMICS,17
THE JOURNAL OF MEMBRANE BIOLOGY,17
APPLIED BIOCHEMISTRY AND BIOTECHNOLOGY,16
INTERNATIONAL JOURNAL OF PHYTOREMEDIATION,16
ANALYTICA CHIMICA ACTA,16
NATURE STRUCTURAL & MOLECULAR BIOLOGY,16
BIOSCIENCE REPORTS,16
"BIOMETALS : AN INTERNATIONAL JOURNAL ON THE ROLE OF METAL IONS IN BIOLOGY, BIOCHEMISTRY, AND MEDICINE",16
WORLD JOURNAL OF MICROBIOLOGY & BIOTECHNOLOGY,16
CURRENT ISSUES IN MOLECULAR BIOLOGY,15
ADVANCES IN EXPERIMENTAL MEDICINE AND BIOLOGY,15
CURRENT PROTOCOLS,15
UCHU SEIBUTSU KAGAKU,15
CURRENT TOPICS IN DEVELOPMENTAL BIOLOGY,15
FUNGAL GENETICS AND BIOLOGY : FG & B,15
PROCEEDINGS. BIOLOGICAL SCIENCES,15
BIOTECHNIQUES,15
BIOLOGY DIRECT,15
SEXUAL PLANT REPRODUCTION,15
JOURNAL OF ENVIRONMENTAL RADIOACTIVITY,15
CURRENT PROTOCOLS IN PLANT BIOLOGY,15
APPLICATIONS IN PLANT SCIENCES,15
BIOTECHNOLOGY JOURNAL,15
"NUCLEUS (AUSTIN, TEX.)",15
RAPID COMMUNICATIONS IN MASS SPECTROMETRY : RCM,15
"METHODS (SAN DIEGO, CALIF.)",15
FRONTIERS IN PHYSIOLOGY,15
POSTEPY BIOCHEMII,15
DNA AND CELL BIOLOGY,14
"JOURNAL, GENETIC ENGINEERING & BIOTECHNOLOGY",14
FEMS MICROBIOLOGY LETTERS,14
"GENOMICS, PROTEOMICS & BIOINFORMATICS",14
CURRENT GENOMICS,14
PESTICIDE BIOCHEMISTRY AND PHYSIOLOGY,14
BIOORGANIC & MEDICINAL CHEMISTRY LETTERS,14
JOURNAL OF BIOCHEMISTRY AND MOLECULAR BIOLOGY,14
VAVILOVSKII ZHURNAL GENETIKI I SELEKTSII,14
COMPARATIVE AND FUNCTIONAL GENOMICS,14
BIOLOGY OPEN,14
SCIENCE'S STKE : SIGNAL TRANSDUCTION KNOWLEDGE ENVIRONMENT,14
COLD SPRING HARBOR SYMPOSIA ON QUANTITATIVE BIOLOGY,14
COMPTES RENDUS BIOLOGIES,14
CARBOHYDRATE POLYMERS,13
MBIO,13
ARCHIVES OF VIROLOGY,13
CURRENT OPINION IN GENETICS & DEVELOPMENT,13
PROTEIN AND PEPTIDE LETTERS,13
JOURNAL OF RADIATION RESEARCH,13
JOURNAL OF INORGANIC BIOCHEMISTRY,13
ANGEWANDTE CHEMIE (INTERNATIONAL ED. IN ENGLISH),13
IN SILICO BIOLOGY,13
JOURNAL OF PESTICIDE SCIENCE,13
LIFE SCIENCE ALLIANCE,13
QUANTITATIVE PLANT BIOLOGY,13
JOURNAL OF BIOLOGICAL RHYTHMS,13
NATURE METHODS,12
ORGANIC & BIOMOLECULAR CHEMISTRY,12
BMC MICROBIOLOGY,12
JOURNAL OF NATURAL PRODUCTS,12
PLANT DIVERSITY,12
"ACTA CRYSTALLOGRAPHICA. SECTION D, STRUCTURAL BIOLOGY",12
JOURNAL OF ZHEJIANG UNIVERSITY. SCIENCE. B,12
JOURNAL OF MICROBIOLOGY AND BIOTECHNOLOGY,12
JOURNAL OF MOLECULAR MODELING,12
NITRIC OXIDE : BIOLOGY AND CHEMISTRY,12
BULLETIN OF ENVIRONMENTAL CONTAMINATION AND TOXICOLOGY,12
JOURNAL OF APPLIED GENETICS,12
IUBMB LIFE,12
BIOCHEMICAL GENETICS,11
MECHANISMS OF DEVELOPMENT,11
JOURNAL OF BIOMOLECULAR NMR,11
"MICROBIOLOGY (READING, ENGLAND)",11
ARCHIVES OF MICROBIOLOGY,11
PNAS NEXUS,11
GENOMICS DATA,11
RADIATION RESEARCH,11
VIROLOGY JOURNAL,11
BIOCHIMICA ET BIOPHYSICA ACTA. GENE REGULATORY MECHANISMS,11
BIOCHEMISTRY AND MOLECULAR BIOLOGY EDUCATION : A BIMONTHLY PUBLICATION OF THE INTERNATIONAL UNION OF BIOCHEMISTRY AND MOLECULAR BIOLOGY,11
BIOINFORMATICS AND BIOLOGY INSIGHTS,11
CURRENT OPINION IN BIOTECHNOLOGY,11
EVOLUTION & DEVELOPMENT,11
ESSAYS IN BIOCHEMISTRY,10
JOURNAL OF GRAVITATIONAL PHYSIOLOGY : A JOURNAL OF THE INTERNATIONAL SOCIETY FOR GRAVITATIONAL PHYSIOLOGY,10
JOURNAL OF LIPID RESEARCH,10
"CYTOSKELETON (HOBOKEN, N.J.)",10
JOURNAL OF COMPUTATIONAL BIOLOGY : A JOURNAL OF COMPUTATIONAL MOLECULAR CELL BIOLOGY,10
GIGASCIENCE,10
BIOLOGY OF THE CELL,10
ENVIRONMENTAL TOXICOLOGY AND CHEMISTRY,10
ANNUAL REVIEW OF GENETICS,10
"NANOMATERIALS (BASEL, SWITZERLAND)",10
BIOMOLECULAR NMR ASSIGNMENTS,10
PHYSICAL CHEMISTRY CHEMICAL PHYSICS : PCCP,10
PLANTA MEDICA,10
CURRENT MICROBIOLOGY,10
INTERNATIONAL JOURNAL OF SYSTEMATIC AND EVOLUTIONARY MICROBIOLOGY,10
BIOTECHNOLOGY PROGRESS,10
"YEAST (CHICHESTER, ENGLAND)",10
INSECT BIOCHEMISTRY AND MOLECULAR BIOLOGY,10
BMC MOLECULAR BIOLOGY,10
MOLECULAR BREEDING : NEW STRATEGIES IN PLANT IMPROVEMENT,10
OMICS : A JOURNAL OF INTEGRATIVE BIOLOGY,10
JOURNAL OF ADVANCED RESEARCH,10
NEW BIOTECHNOLOGY,10
HELIYON,10
INTERNATIONAL JOURNAL OF RADIATION BIOLOGY,10
MOLECULAR HORTICULTURE,10
JOURNAL OF BIOLOGICAL INORGANIC CHEMISTRY : JBIC : A PUBLICATION OF THE SOCIETY OF BIOLOGICAL INORGANIC CHEMISTRY,10
MICROBIOLOGY SPECTRUM,10
GENE EXPRESSION PATTERNS : GEP,10
FOOD CHEMISTRY,10
THE PROTEIN JOURNAL,9
ENZYME AND MICROBIAL TECHNOLOGY,9
THE AMERICAN NATURALIST,9
JOURNAL OF BIOINFORMATICS AND COMPUTATIONAL BIOLOGY,9
EUKARYOTIC CELL,9
OPEN LIFE SCIENCES,9
PHYTOCHEMICAL ANALYSIS : PCA,9
NATURE ECOLOGY & EVOLUTION,9
CELL MOTILITY AND THE CYTOSKELETON,9
GRAVITATIONAL AND SPACE BIOLOGY BULLETIN : PUBLICATION OF THE AMERICAN SOCIETY FOR GRAVITATIONAL AND SPACE BIOLOGY,9
DEVELOPMENTAL GENETICS,9
SCIENTIFIC DATA,9
FEMS MICROBIOLOGY ECOLOGY,9
JOURNAL OF PLANT GROWTH REGULATION,9
INTERNATIONAL REVIEW OF CYTOLOGY,9
TALANTA,9
ANNUAL REVIEW OF PLANT PHYSIOLOGY AND PLANT MOLECULAR BIOLOGY,9
ORGANIC LETTERS,9
JOURNAL OF CHEMICAL INFORMATION AND MODELING,9
INDIAN JOURNAL OF EXPERIMENTAL BIOLOGY,9
RSC ADVANCES,9
ASTROBIOLOGY,9
DEVELOPMENTAL DYNAMICS : AN OFFICIAL PUBLICATION OF THE AMERICAN ASSOCIATION OF ANATOMISTS,9
COLD SPRING HARBOR PROTOCOLS,9
BIOTECHNOLOGY FOR BIOFUELS AND BIOPRODUCTS,9
"CHEMICAL COMMUNICATIONS (CAMBRIDGE, ENGLAND)",9
MITOCHONDRION,9
BIOTECHNOLOGY AND APPLIED BIOCHEMISTRY,9
JOURNAL OF BIOENERGETICS AND BIOMEMBRANES,9
BREEDING SCIENCE,9
CRITICAL REVIEWS IN BIOTECHNOLOGY,9
FUNGAL BIOLOGY,8
"ADVANCED SCIENCE (WEINHEIM, BADEN-WURTTEMBERG, GERMANY)",8
PLANT MOLECULAR BIOLOGY REPORTER,8
PAKISTAN JOURNAL OF BIOLOGICAL SCIENCES : PJBS,8
METHODS IN CELL BIOLOGY,8
"CHEMISTRY (WEINHEIM AN DER BERGSTRASSE, GERMANY)",8
YAO XUE XUE BAO = ACTA PHARMACEUTICA SINICA,8
"SENSORS (BASEL, SWITZERLAND)",8
CURRENT PROTOCOLS IN BIOINFORMATICS,8
JOURNAL OF VIROLOGICAL METHODS,8
FRONTIERS IN CHEMISTRY,8
TOXINS,8
GENETICAL RESEARCH,8
BIOMACROMOLECULES,8
FEN ZI XI BAO SHENG WU XUE BAO = JOURNAL OF MOLECULAR CELL BIOLOGY,8
IEEE/ACM TRANSACTIONS ON COMPUTATIONAL BIOLOGY AND BIOINFORMATICS,8
JOURNAL OF APPLIED MICROBIOLOGY,8
CELL STRUCTURE AND FUNCTION,8
ACS OMEGA,8
BULLETIN OF MATHEMATICAL BIOLOGY,8
BIOCHIMICA ET BIOPHYSICA ACTA. GENERAL SUBJECTS,8
CHEMISTRY & BIOLOGY,8
NPJ MICROGRAVITY,8
PROTEOMES,8
OPEN BIOLOGY,8
BIOSENSORS & BIOELECTRONICS,7
WILEY INTERDISCIPLINARY REVIEWS. DEVELOPMENTAL BIOLOGY,7
THE ENZYMES,7
STATISTICAL APPLICATIONS IN GENETICS AND MOLECULAR BIOLOGY,7
"ECOTOXICOLOGY (LONDON, ENGLAND)",7
NUCLEIC ACIDS SYMPOSIUM SERIES (2004),7
MOBILE DNA,7
METABOLOMICS : OFFICIAL JOURNAL OF THE METABOLOMIC SOCIETY,7
TRENDS IN CELL BIOLOGY,7
"CHANNELS (AUSTIN, TEX.)",7
INTERNATIONAL JOURNAL OF PLANT GENOMICS,7
SAUDI JOURNAL OF BIOLOGICAL SCIENCES,7
JOURNAL OF SEPARATION SCIENCE,7
MICROBIAL BIOTECHNOLOGY,7
BMC BIOCHEMISTRY,7
EVODEVO,7
SCIENCE BULLETIN,7
BMC GENOMIC DATA,7
YING YONG SHENG TAI XUE BAO = THE JOURNAL OF APPLIED ECOLOGY,7
CELLULAR MICROBIOLOGY,7
LIFE SCIENCES AND SPACE RESEARCH,7
MICROBIAL ECOLOGY,7
COMMUNICATIONS IN AGRICULTURAL AND APPLIED BIOLOGICAL SCIENCES,7
CELLULAR & MOLECULAR BIOLOGY LETTERS,7
VIRUS GENES,7
ANNUAL REVIEW OF CELL AND DEVELOPMENTAL BIOLOGY,7
JOURNAL OF ENVIRONMENTAL SCIENCES (CHINA),7
BIO SYSTEMS,7
REDOX BIOLOGY,6
CURRENT TOPICS IN MICROBIOLOGY AND IMMUNOLOGY,6
MEMBRANES,6
TRANSCRIPTION,6
JOURNAL OF NEMATOLOGY,6
EXPERIMENTAL CELL RESEARCH,6
VIRUS EVOLUTION,6
SUB-CELLULAR BIOCHEMISTRY,6
THE JOURNAL OF GENERAL PHYSIOLOGY,6
JOURNAL OF CELLULAR BIOCHEMISTRY,6
MOLECULAR AND BIOCHEMICAL PARASITOLOGY,6
GM CROPS & FOOD,6
CHEMISTRY & BIODIVERSITY,6
BIOELECTROMAGNETICS,6
GLYCOCONJUGATE JOURNAL,6
COLD SPRING HARBOR PERSPECTIVES IN BIOLOGY,6
BIOCHIMICA ET BIOPHYSICA ACTA. PROTEINS AND PROTEOMICS,6
FRONTIERS IN GENOME EDITING,6
"MITOCHONDRIAL DNA. PART B, RESOURCES",6
JOURNAL OF THE AMERICAN SOCIETY FOR MASS SPECTROMETRY,6
IEEE TRANSACTIONS ON NANOBIOSCIENCE,6
MICROBIOLOGYOPEN,6
BIOLOGICAL & PHARMACEUTICAL BULLETIN,6
GENOME INFORMATICS. INTERNATIONAL CONFERENCE ON GENOME INFORMATICS,6
FRONTIERS IN BIOSCIENCE : A JOURNAL AND VIRTUAL LIBRARY,6
IZVESTIIA AKADEMII NAUK. SERIIA BIOLOGICHESKAIA,6
CURRENT OPINION IN CELL BIOLOGY,6
ACTA BIOLOGICA HUNGARICA,6
ACS APPLIED MATERIALS & INTERFACES,6
ANNUAL REVIEW OF PHYTOPATHOLOGY,6
AMB EXPRESS,6
"INTERDISCIPLINARY SCIENCES, COMPUTATIONAL LIFE SCIENCES",6
ECOLOGY LETTERS,6
"COMPTES RENDUS DE L'ACADEMIE DES SCIENCES. SERIE III, SCIENCES DE LA VIE",6
FASEB JOURNAL : OFFICIAL PUBLICATION OF THE FEDERATION OF AMERICAN SOCIETIES FOR EXPERIMENTAL BIOLOGY,6
IRANIAN JOURNAL OF BIOTECHNOLOGY,6
"GENESIS (NEW YORK, N.Y. : 2000)",6
BRIEFINGS IN FUNCTIONAL GENOMICS,6
"PLANT-ENVIRONMENT INTERACTIONS (HOBOKEN, N.J.)",6
BIOCHIMICA ET BIOPHYSICA ACTA. BIOMEMBRANES,6
NATURE MICROBIOLOGY,6
CELL DISCOVERY,6
PROTEOME SCIENCE,6
THESCIENTIFICWORLDJOURNAL,6
THE ANALYST,6
CELL CALCIUM,6
"PATHOGENS (BASEL, SWITZERLAND)",6
HUMAN MOLECULAR GENETICS,6
JOURNAL OF INSECT PHYSIOLOGY,6
ACS NANO,5
WILEY INTERDISCIPLINARY REVIEWS. RNA,5
"CELLULAR AND MOLECULAR BIOLOGY (NOISY-LE-GRAND, FRANCE)",5
CRYO LETTERS,5
CHEMISTRY AND PHYSICS OF LIPIDS,5
LIFE SCIENCES IN SPACE RESEARCH,5
CELL DEATH AND DIFFERENTIATION,5
JOURNAL OF STRUCTURAL AND FUNCTIONAL GENOMICS,5
NAR GENOMICS AND BIOINFORMATICS,5
MYCORRHIZA,5
TRENDS IN BIOCHEMICAL SCIENCES,5
"TANPAKUSHITSU KAKUSAN KOSO. PROTEIN, NUCLEIC ACID, ENZYME",5
PROTEIN & CELL,5
MSYSTEMS,5
BIOLOGICAL RESEARCH,5
JOURNAL OF MASS SPECTROMETRY : JMS,5
EXTREMOPHILES : LIFE UNDER EXTREME CONDITIONS,5
MUTAGENESIS,5
BIOTECHNOLOGY ADVANCES,5
"JOURNAL OF ENVIRONMENTAL SCIENCE AND HEALTH. PART. B, PESTICIDES, FOOD CONTAMINANTS, AND AGRICULTURAL WASTES",5
TSITOLOGIIA,5
CRYOBIOLOGY,5
MOLECULAR MEMBRANE BIOLOGY,5
ANTONIE VAN LEEUWENHOEK,5
JOURNAL OF PHYCOLOGY,5
BIOENGINEERED,5
BIOCHEMISTRY AND BIOPHYSICS REPORTS,5
GUANG PU XUE YU GUANG PU FEN XI = GUANG PU,5
BIOCHIMICA ET BIOPHYSICA ACTA. MOLECULAR AND CELL BIOLOGY OF LIPIDS,5
RADIOBIOLOGIIA,5
SILENCE,5
ECOLOGY,5
GENETICS RESEARCH,5
"JOURNAL OF BIOLOGICAL RESEARCH (THESSALONIKE, GREECE)",5
BIOCHEMISTRY AND MOLECULAR BIOLOGY INTERNATIONAL,5
JOURNAL OF NANOBIOTECHNOLOGY,5
ENVIRONMENTAL RESEARCH,5
METABOLIC ENGINEERING COMMUNICATIONS,5
"CELL SURFACE (AMSTERDAM, NETHERLANDS)",5
STEROIDS,5
BIORESOURCE TECHNOLOGY,5
SPRINGERPLUS,4
IET SYSTEMS BIOLOGY,4
NATIONAL SCIENCE REVIEW,4
"BIOENGINEERING (BASEL, SWITZERLAND)",4
INTERNATIONAL JOURNAL FOR PARASITOLOGY,4
MAGNETIC RESONANCE IN CHEMISTRY : MRC,4
ENVIRONMENT INTERNATIONAL,4
GENOMICS & INFORMATICS,4
BRIEFINGS IN FUNCTIONAL GENOMICS & PROTEOMICS,4
PRIKLADNAIA BIOKHIMIIA I MIKROBIOLOGIIA,4
JOURNAL OF MICROBIOLOGY & BIOLOGY EDUCATION,4
MOLECULAR AND CELLULAR BIOCHEMISTRY,4
EVOLUTIONARY APPLICATIONS,4
"MICROBIAL CELL (GRAZ, AUSTRIA)",4
BIOPOLYMERS,4
ANNALS OF THE NEW YORK ACADEMY OF SCIENCES,4
CELL SYSTEMS,4
ROYAL SOCIETY OPEN SCIENCE,4
RSC CHEMICAL BIOLOGY,4
JOURNAL OF ENVIRONMENTAL MANAGEMENT,4
PFLUGERS ARCHIV : EUROPEAN JOURNAL OF PHYSIOLOGY,4
INTERNATIONAL JOURNAL OF BIOLOGICAL SCIENCES,4
EXPERIMENTAL PARASITOLOGY,4
THE JOURNAL OF STEROID BIOCHEMISTRY AND MOLECULAR BIOLOGY,4
MICROBIOME,4
"DEVELOPMENT, GROWTH & DIFFERENTIATION",4
CELL BIOCHEMISTRY AND BIOPHYSICS,4
ANALYTICAL METHODS : ADVANCING METHODS AND APPLICATIONS,4
AMERICAN JOURNAL OF HUMAN GENETICS,4
PEPTIDES,4
MARINE DRUGS,4
JOURNAL OF FLUORESCENCE,4
BMC STRUCTURAL BIOLOGY,4
"CELL CYCLE (GEORGETOWN, TEX.)",4
VITAMINS AND HORMONES,4
NPJ SYSTEMS BIOLOGY AND APPLICATIONS,4
"COLLOIDS AND SURFACES. B, BIOINTERFACES",4
BIOCHEMISTRY AND CELL BIOLOGY = BIOCHIMIE ET BIOLOGIE CELLULAIRE,4
EUROPEAN BIOPHYSICS JOURNAL : EBJ,4
HEREDITAS,4
ANALYTICAL SCIENCES : THE INTERNATIONAL JOURNAL OF THE JAPAN SOCIETY FOR ANALYTICAL CHEMISTRY,4
ONCOGENE,4
JOURNAL OF INTEGRATIVE BIOINFORMATICS,4
COMPUTERS IN BIOLOGY AND MEDICINE,4
INTERNATIONAL REVIEW OF CELL AND MOLECULAR BIOLOGY,4
VACCINE,4
NATURE REVIEWS. GENETICS,4
"RADIATSIONNAIA BIOLOGIIA, RADIOECOLOGIIA",4
THE INTERNATIONAL JOURNAL OF BIOCHEMISTRY & CELL BIOLOGY,4
JOURNAL OF MOLECULAR MICROBIOLOGY AND BIOTECHNOLOGY,4
JOURNAL OF TRACE ELEMENTS IN MEDICINE AND BIOLOGY : ORGAN OF THE SOCIETY FOR MINERALS AND TRACE ELEMENTS (GMS),4
MOLECULAR THERAPY. NUCLEIC ACIDS,4
SMALL GTPASES,4
BRAZILIAN JOURNAL OF MICROBIOLOGY : [PUBLICATION OF THE BRAZILIAN SOCIETY FOR MICROBIOLOGY],3
VIRULENCE,3
AGING CELL,3
MYCOLOGY,3
MEDEDELINGEN (RIJKSUNIVERSITEIT TE GENT. FAKULTEIT VAN DE LANDBOUWKUNDIGE EN TOEGEPASTE BIOLOGISCHE WETENSCHAPPEN),3
BIOORGANICHESKAIA KHIMIIA,3
MARINE GENOMICS,3
PARASITOLOGY,3
THEORY IN BIOSCIENCES = THEORIE IN DEN BIOWISSENSCHAFTEN,3
BIOLOGIE AUJOURD'HUI,3
RESEARCH SQUARE,3
ARCHIVES OF INSECT BIOCHEMISTRY AND PHYSIOLOGY,3
"REGENERATION (OXFORD, ENGLAND)",3
ENVIRONMENTAL MICROBIOLOGY REPORTS,3
"BIOSTATISTICS (OXFORD, ENGLAND)",3
SHENG WU HUA XUE YU SHENG WU WU LI XUE BAO ACTA BIOCHIMICA ET BIOPHYSICA SINICA,3
FRONTIERS IN NUTRITION,3
APOPTOSIS : AN INTERNATIONAL JOURNAL ON PROGRAMMED CELL DEATH,3
NOVARTIS FOUNDATION SYMPOSIUM,3
CHEMICAL & PHARMACEUTICAL BULLETIN,3
BIOPROCESS AND BIOSYSTEMS ENGINEERING,3
BIOMETRICS,3
JOURNAL OF BIOMEDICAL INFORMATICS,3
JOURNAL OF GINSENG RESEARCH,3
CELL COMMUNICATION AND SIGNALING : CCS,3
BMC CELL BIOLOGY,3
BIOPHYSICAL CHEMISTRY,3
JOURNAL OF INDUSTRIAL MICROBIOLOGY & BIOTECHNOLOGY,3
LIFE SUPPORT & BIOSPHERE SCIENCE : INTERNATIONAL JOURNAL OF EARTH SPACE,3
JOURNAL OF CELLULAR PHYSIOLOGY,3
FEMS YEAST RESEARCH,3
INORGANIC CHEMISTRY,3
META GENE,3
INTEGRATIVE AND COMPARATIVE BIOLOGY,3
FOOD MICROBIOLOGY,3
PHYSIOLOGICAL GENOMICS,3
"CHEMICAL RECORD (NEW YORK, N.Y.)",3
GENE: X,3
CRITICAL REVIEWS IN BIOCHEMISTRY AND MOLECULAR BIOLOGY,3
CURRENT OPINION IN STRUCTURAL BIOLOGY,3
JOURNAL OF BASIC MICROBIOLOGY,3
ENVIRONMENTAL AND MOLECULAR MUTAGENESIS,3
PROTIST,3
MEDECINE SCIENCES : M/S,3
"MATERIALS (BASEL, SWITZERLAND)",3
THE JOURNAL OF ORGANIC CHEMISTRY,3
BIODATA MINING,3
PLASMID,3
FRONTIERS IN CELLULAR AND INFECTION MICROBIOLOGY,3
BIOLOGICAL TRACE ELEMENT RESEARCH,3
MICROSCOPY RESEARCH AND TECHNIQUE,3
CELLULAR SIGNALLING,3
ACTA ASTRONAUTICA,3
IN SILICO PLANTS,3
INDIAN JOURNAL OF BIOCHEMISTRY & BIOPHYSICS,3
FOOD AND CHEMICAL TOXICOLOGY : AN INTERNATIONAL JOURNAL PUBLISHED FOR THE BRITISH INDUSTRIAL BIOLOGICAL RESEARCH ASSOCIATION,3
IUCRJ,3
BMC ECOLOGY AND EVOLUTION,3
CANADIAN JOURNAL OF MICROBIOLOGY,3
BMC ECOLOGY,3
F1000PRIME REPORTS,3
INFECTION AND IMMUNITY,3
MICROBIAL PATHOGENESIS,3
UKRAINS'KYI BIOKHIMICHNYI ZHURNAL (1999 ),3
NANO LETTERS,3
"TRANSLATION (AUSTIN, TEX.)",3
FOLIA MICROBIOLOGICA,3
NANOSCALE,3
BIOLOGY LETTERS,3
JOURNAL OF MEDICINAL CHEMISTRY,3
EPIGENOMES,3
CURRENT PROTEIN & PEPTIDE SCIENCE,3
BIOCHIMICA ET BIOPHYSICA ACTA. MOLECULAR CELL RESEARCH,3
NATURE STRUCTURAL BIOLOGY,3
LAB ON A CHIP,3
INTERNATIONAL JOURNAL OF DATA MINING AND BIOINFORMATICS,3
NON-CODING RNA,3
SYSTEMATIC BIOLOGY,3
NATURAL PRODUCT COMMUNICATIONS,3
"MICROSCOPY AND MICROANALYSIS : THE OFFICIAL JOURNAL OF MICROSCOPY SOCIETY OF AMERICA, MICROBEAM ANALYSIS SOCIETY, MICROSCOPICAL SOCIETY OF CANADA",3
"CHAOS (WOODBURY, N.Y.)",2
"ANTIBIOTICS (BASEL, SWITZERLAND)",2
"ENTROPY (BASEL, SWITZERLAND)",2
RESULTS AND PROBLEMS IN CELL DIFFERENTIATION,2
IDENGAKU ZASSHI,2
BIONANOSCIENCE,2
JOURNAL OF NATURAL TOXINS,2
"MICRON (OXFORD, ENGLAND : 1993)",2
"WATER, AIR, AND SOIL POLLUTION",2
INTERNATIONAL JOURNAL OF PLANT SCIENCES,2
ADVANCES IN GENETICS,2
CHEMMEDCHEM,2
FLY,2
ACTA BIOTHEORETICA,2
ACS SENSORS,2
ADVANCES IN BOTANICAL RESEARCH,2
INTERNATIONAL JOURNAL OF BIOINFORMATICS RESEARCH AND APPLICATIONS,2
BIODESIGN RESEARCH,2
"MICROARRAYS (BASEL, SWITZERLAND)",2
BIOENGINEERED BUGS,2
CHEMICAL SCIENCE,2
TOXICS,2
NATURAL PRODUCT RESEARCH,2
ENVIRONMENTAL SCIENCE. PROCESSES & IMPACTS,2
CELLS & DEVELOPMENT,2
EPIGENETICS & CHROMATIN,2
ARCHIVES INTERNATIONALES DE PHYSIOLOGIE ET DE BIOCHIMIE,2
CANNABIS AND CANNABINOID RESEARCH,2
ACTA HISTOCHEMICA,2
SCIENTIFICA,2
THE REVIEW OF SCIENTIFIC INSTRUMENTS,2
MOBILE GENETIC ELEMENTS,2
WILEY INTERDISCIPLINARY REVIEWS. SYSTEMS BIOLOGY AND MEDICINE,2
JOURNAL OF BIOCHEMICAL AND BIOPHYSICAL METHODS,2
ANNUAL INTERNATIONAL CONFERENCE OF THE IEEE ENGINEERING IN MEDICINE AND BIOLOGY SOCIETY. IEEE ENGINEERING IN MEDICINE AND BIOLOGY SOCIETY. ANNUAL INTERNATIONAL CONFERENCE,2
ACTA PHARMACEUTICA SINICA. B,2
JOURNAL OF THE SCIENCE OF FOOD AND AGRICULTURE,2
BIOORGANIC CHEMISTRY,2
PROGRESS IN BIOPHYSICS AND MOLECULAR BIOLOGY,2
THE JOURNAL OF CHEMICAL PHYSICS,2
BULLETIN OF ENTOMOLOGICAL RESEARCH,2
NATURE NANOTECHNOLOGY,2
INTERNATIONAL MICROBIOLOGY : THE OFFICIAL JOURNAL OF THE SPANISH SOCIETY FOR MICROBIOLOGY,2
FITOTERAPIA,2
CURRENT RESEARCH IN MICROBIAL SCIENCES,2
"JOURNAL OF MICROBIOLOGY (SEOUL, KOREA)",2
F1000 BIOLOGY REPORTS,2
RADIATION AND ENVIRONMENTAL BIOPHYSICS,2
TROPICAL PLANT BIOLOGY,2
EXS,2
JOURNAL OF HUMAN GENETICS,2
"AQUATIC TOXICOLOGY (AMSTERDAM, NETHERLANDS)",2
BIOCHEMISTRY RESEARCH INTERNATIONAL,2
TROPICAL LIFE SCIENCES RESEARCH,2
"FOODS (BASEL, SWITZERLAND)",2
CELL DIVISION,2
MASS SPECTROMETRY REVIEWS,2
CELL CHEMICAL BIOLOGY,2
FRONTIERS IN BIOSCIENCE (LANDMARK EDITION),2
JOURNAL OF ENVIRONMENTAL BIOLOGY,2
THE AMERICAN BIOLOGY TEACHER,2
JOURNAL OF BIOMEDICINE & BIOTECHNOLOGY,2
BIOTECHNOLOGIA,2
CANCERS,2
JOURNAL OF ECONOMIC ENTOMOLOGY,2
JOURNAL OF PLANT BIOLOGY = SINGMUL HAKHOE CHI,2
SHI YAN SHENG WU XUE BAO,2
INSECT SCIENCE,2
THE JOURNAL OF EUKARYOTIC MICROBIOLOGY,2
WATER RESEARCH,2
CELLULAR & MOLECULAR BIOLOGY RESEARCH,2
CLINICAL AND EXPERIMENTAL ALLERGY : JOURNAL OF THE BRITISH SOCIETY FOR ALLERGY AND CLINICAL IMMUNOLOGY,2
PHYSICAL REVIEW. E,2
FOODBORNE PATHOGENS AND DISEASE,2
COMPARATIVE CYTOGENETICS,2
INNATE IMMUNITY,2
"DEVELOPMENT (CAMBRIDGE, ENGLAND). SUPPLEMENT",2
EFSA JOURNAL. EUROPEAN FOOD SAFETY AUTHORITY,2
"JOURNAL OF EXPERIMENTAL ZOOLOGY. PART B, MOLECULAR AND DEVELOPMENTAL EVOLUTION",2
STUDIES IN HISTORY AND PHILOSOPHY OF BIOLOGICAL AND BIOMEDICAL SCIENCES,2
NANOSCALE RESEARCH LETTERS,2
FISH & SHELLFISH IMMUNOLOGY,2
JOURNAL OF MICROBIOLOGICAL METHODS,2
IMMUNOBIOLOGY,2
CURRENT MEDICINAL CHEMISTRY,2
INTERNATIONAL JOURNAL OF ENVIRONMENTAL RESEARCH AND PUBLIC HEALTH,2
ACS CENTRAL SCIENCE,2
MSPHERE,2
"JOURNAL OF THE ROYAL SOCIETY, INTERFACE",2
EXPERT REVIEW OF PROTEOMICS,2
"PLANT FOODS FOR HUMAN NUTRITION (DORDRECHT, NETHERLANDS)",2
JOURNAL OF MATHEMATICAL BIOLOGY,2
BIOTECH (BASEL (SWITZERLAND)),2
TOXICON : OFFICIAL JOURNAL OF THE INTERNATIONAL SOCIETY ON TOXINOLOGY,2
MATHEMATICAL BIOSCIENCES,2
LUMINESCENCE : THE JOURNAL OF BIOLOGICAL AND CHEMICAL LUMINESCENCE,2
CURRENT PROTOCOLS IN MOLECULAR BIOLOGY,2
"FOOD RESEARCH INTERNATIONAL (OTTAWA, ONT.)",2
TRENDS IN BIOTECHNOLOGY,2
ADVANCES IN BIOCHEMICAL ENGINEERING/BIOTECHNOLOGY,2
JOURNAL OF MOLECULAR GRAPHICS & MODELLING,2
CELL BIOCHEMISTRY AND FUNCTION,2
JOURNAL OF NATURAL MEDICINES,2
"MITOCHONDRIAL DNA. PART A, DNA MAPPING, SEQUENCING, AND ANALYSIS",2
NATURE REVIEWS. MOLECULAR CELL BIOLOGY,2
THE JOURNAL OF EXPERIMENTAL BIOLOGY,2
ANNUAL REVIEW OF BIOCHEMISTRY,2
METHODS AND PROTOCOLS,2
FOOD AND ENERGY SECURITY,2
JOURNAL OF SYNCHROTRON RADIATION,2
NUCLEAR MEDICINE AND BIOLOGY,2
EXPERIMENTAL & APPLIED ACAROLOGY,2
AVIAN DISEASES,2
MICROBES AND ENVIRONMENTS,2
CHRONOBIOLOGY INTERNATIONAL,2
POLYMERS,2
FRONTIERS IN BIOINFORMATICS,2
BRAZILIAN JOURNAL OF BIOLOGY = REVISTA BRASLEIRA DE BIOLOGIA,2
INTERNATIONAL ARCHIVES OF ALLERGY AND IMMUNOLOGY,2
BIOTECHNIC & HISTOCHEMISTRY : OFFICIAL PUBLICATION OF THE BIOLOGICAL STAIN COMMISSION,2
CELLULAR AND MOLECULAR NEUROBIOLOGY,2
INTERFACE FOCUS,2
JOURNAL OF MOLECULAR RECOGNITION : JMR,2
"PROTEIN ENGINEERING, DESIGN & SELECTION : PEDS",2
"EXPLORE (NEW YORK, N.Y.)",2
FUNGAL BIOLOGY AND BIOTECHNOLOGY,2
BEILSTEIN JOURNAL OF ORGANIC CHEMISTRY,2
"MARINE BIOTECHNOLOGY (NEW YORK, N.Y.)",2
COMPUTERS & CHEMISTRY,2
INTEGRATIVE BIOLOGY : QUANTITATIVE BIOSCIENCES FROM NANO TO MACRO,2
CURRENT OPINION IN MICROBIOLOGY,2
HYBRIDOMA (2005),2
FUNCTIONAL ECOLOGY,2
LIFE SCIENCES,2
JOURNAL OF BIOMOLECULAR TECHNIQUES : JBT,2
NANOTOXICOLOGY,2
JOURNAL OF EXTRACELLULAR VESICLES,2
ENVIRONMENTAL MONITORING AND ASSESSMENT,2
THE JOURNAL OF PHYSICAL CHEMISTRY LETTERS,2
ENDEAVOUR,1
"CELL REGENERATION (LONDON, ENGLAND)",1
ZHONGHUA YI XUE YI CHUAN XUE ZA ZHI = ZHONGHUA YIXUE YICHUANXUE ZAZHI = CHINESE JOURNAL OF MEDICAL GENETICS,1
JOURNAL OF INVESTIGATIVE MEDICINE : THE OFFICIAL PUBLICATION OF THE AMERICAN FEDERATION FOR CLINICAL RESEARCH,1
GENOME INTEGRITY,1
PEDIATRIC RESEARCH,1
THE NEW BIOLOGIST,1
MICROMACHINES,1
JOURNAL OF NEUROCHEMISTRY,1
DATASET PAPERS IN BIOLOGY,1
JOURNAL OF CHEMICAL THEORY AND COMPUTATION,1
NATURE CATALYSIS,1
BIOSCIENCE TRENDS,1
TRENDS IN ENDOCRINOLOGY AND METABOLISM: TEM,1
ORGANOGENESIS,1
ENDOCRINE RESEARCH,1
JOURNAL OF MOLECULAR CELL BIOLOGY,1
BIOINFORMATICS ADVANCES,1
INTERNATIONAL JOURNAL OF ONCOLOGY,1
"NUCLEOSIDES, NUCLEOTIDES & NUCLEIC ACIDS",1
HUMAN GENETICS,1
EURASIP JOURNAL ON BIOINFORMATICS & SYSTEMS BIOLOGY,1
INTERNATIONAL JOURNAL OF ANALYTICAL CHEMISTRY,1
EXCLI JOURNAL,1
NUTRIENTS,1
CELLULAR LOGISTICS,1
IN VITRO CELLULAR & DEVELOPMENTAL BIOLOGY. PLANT : JOURNAL OF THE TISSUE CULTURE ASSOCIATION,1
THE PROCEEDINGS OF THE NUTRITION SOCIETY,1
"PLANT CELL, TISSUE AND ORGAN CULTURE",1
"ACTA PHYSIOLOGICA (OXFORD, ENGLAND)",1
CBE LIFE SCIENCES EDUCATION,1
MOLECULAR CANCER THERAPEUTICS,1
JOURNAL OF ANIMAL BREEDING AND GENETICS = ZEITSCHRIFT FUR TIERZUCHTUNG UND ZUCHTUNGSBIOLOGIE,1
"PHYSICAL REVIEW. E, STATISTICAL, NONLINEAR, AND SOFT MATTER PHYSICS",1
IMA FUNGUS,1
JOURNAL OF THE FORMOSAN MEDICAL ASSOCIATION = TAIWAN YI ZHI,1
CURRENT DRUG TARGETS,1
SEMINARS IN CELL BIOLOGY,1
CURRENT OPINION IN VIROLOGY,1
WEI SHENG YAN JIU = JOURNAL OF HYGIENE RESEARCH,1
LETTERS IN APPLIED MICROBIOLOGY,1
CANCER RESEARCH,1
COMPUTATIONAL SYSTEMS BIOINFORMATICS. COMPUTATIONAL SYSTEMS BIOINFORMATICS CONFERENCE,1
"LIGHT, SCIENCE & APPLICATIONS",1
BMC DEVELOPMENTAL BIOLOGY,1
"IRANIAN JOURNAL OF ALLERGY, ASTHMA, AND IMMUNOLOGY",1
MYCOPATHOLOGIA,1
SYSTEMATIC AND APPLIED MICROBIOLOGY,1
RIVISTA DI BIOLOGIA,1
CURRENT PROTOCOLS IN CELL BIOLOGY,1
JOURNAL OF ENZYME INHIBITION AND MEDICINAL CHEMISTRY,1
MYCOBIOLOGY,1
ENZYME RESEARCH,1
FOLIA PARASITOLOGICA,1
DISEASE MODELS & MECHANISMS,1
JOURNAL OF BIOMEDICAL SCIENCE,1
JOURNAL OF CHEMICAL BIOLOGY,1
"PATTERNS (NEW YORK, N.Y.)",1
"JOURNAL OF MOLECULAR MEDICINE (BERLIN, GERMANY)",1
"CLINICAL IMMUNOLOGY (ORLANDO, FLA.)",1
CURRENT OPINION IN INSECT SCIENCE,1
INTERNATIONAL JOURNAL OF COMPUTATIONAL BIOLOGY AND DRUG DESIGN,1
JOURNAL OF MUSCLE RESEARCH AND CELL MOTILITY,1
PROGRESS IN CELL CYCLE RESEARCH,1
FEMS IMMUNOLOGY AND MEDICAL MICROBIOLOGY,1
JOURNAL OF APPLIED GLYCOSCIENCE,1
PHYTOCHEMISTRY REVIEWS : PROCEEDINGS OF THE PHYTOCHEMICAL SOCIETY OF EUROPE,1
CURRENT OPINION IN CHEMICAL BIOLOGY,1
AMERICAN JOURNAL OF TRANSLATIONAL RESEARCH,1
FREE RADICAL RESEARCH,1
"PLANT PHENOMICS (WASHINGTON, D.C.)",1
PHARMACOGNOSY RESEARCH,1
THE JOURNAL OF TOXICOLOGICAL SCIENCES,1
MICROBIAL GENOMICS,1
INTRINSICALLY DISORDERED PROTEINS,1
BMC NEUROSCIENCE,1
PERSOONIA,1
"BIOKHIMIIA (MOSCOW, RUSSIA)",1
EXPERIENTIA,1
JOURNAL OF CLINICAL MEDICINE,1
MAMMALIAN GENOME : OFFICIAL JOURNAL OF THE INTERNATIONAL MAMMALIAN GENOME SOCIETY,1
GLOBAL CHANGE BIOLOGY,1
JOURNAL OF APPLIED POLYMER SCIENCE,1
MOLECULAR CELL BIOLOGY RESEARCH COMMUNICATIONS : MCBRC,1
FOOD & NUTRITION RESEARCH,1
NATURE AGING,1
CYTOBIOS,1
FARADAY DISCUSSIONS,1
CHEMICO-BIOLOGICAL INTERACTIONS,1
COMPARATIVE BIOCHEMISTRY AND PHYSIOLOGY. TOXICOLOGY & PHARMACOLOGY : CBP,1
PLANT GROWTH REGULATION,1
REVIEWS ON ENVIRONMENTAL HEALTH,1
APPLIED & TRANSLATIONAL GENOMICS,1
BOSNIAN JOURNAL OF BASIC MEDICAL SCIENCES,1
HISTORY AND PHILOSOPHY OF THE LIFE SCIENCES,1
JOURNAL OF BIOMEDICAL NANOTECHNOLOGY,1
EXPERIMENTAL AND THERAPEUTIC MEDICINE,1
ADVANCES IN PROTEIN CHEMISTRY,1
REVISTA ARGENTINA DE MICROBIOLOGIA,1
CHEMOECOLOGY,1
FRONTIERS IN ENDOCRINOLOGY,1
AUTOPHAGY REPORTS,1
ALGORITHMS FOR MOLECULAR BIOLOGY : AMB,1
TRENDS IN MICROBIOLOGY,1
ENVIRONMENTAL TOXICOLOGY AND PHARMACOLOGY,1
JOURNAL OF IMMUNOLOGICAL METHODS,1
DRUG DISCOVERY TODAY,1
"CELLULAR PHYSIOLOGY AND BIOCHEMISTRY : INTERNATIONAL JOURNAL OF EXPERIMENTAL CELLULAR PHYSIOLOGY, BIOCHEMISTRY, AND PHARMACOLOGY",1
BIO/TECHNOLOGY (NATURE PUBLISHING COMPANY),1
CHIMIA,1
RESEARCH IN MICROBIOLOGY,1
PROSTAGLANDINS & OTHER LIPID MEDIATORS,1
ADVANCES IN BIOINFORMATICS,1
THE YALE JOURNAL OF BIOLOGY AND MEDICINE,1
ARTIFICIAL LIFE,1
"BIOTECHNOLOGY REPORTS (AMSTERDAM, NETHERLANDS)",1
JOURNAL DE LA SOCIETE DE BIOLOGIE,1
JOURNAL OF NANOSCIENCE AND NANOTECHNOLOGY,1
LABORATORY ANIMAL RESEARCH,1
MOLECULAR IMMUNOLOGY,1
BIOCHEMICAL SOCIETY SYMPOSIUM,1
"REPRODUCTION (CAMBRIDGE, ENGLAND)",1
REGULATORY TOXICOLOGY AND PHARMACOLOGY : RTP,1
JOURNAL OF NUCLEIC ACIDS,1
ONCOLOGY REPORTS,1
"BIOPHYSICS (NAGOYA-SHI, JAPAN)",1
IET NANOBIOTECHNOLOGY,1
MICROBIAL INFORMATICS AND EXPERIMENTATION,1
METHODS IN CELL SCIENCE : AN OFFICIAL JOURNAL OF THE SOCIETY FOR IN VITRO BIOLOGY,1
MOLECULAR OMICS,1
METAL IONS IN LIFE SCIENCES,1
XENOBIOTICA; THE FATE OF FOREIGN COMPOUNDS IN BIOLOGICAL SYSTEMS,1
FRONTIERS IN ARTIFICIAL INTELLIGENCE,1
MEMORIAS DO INSTITUTO OSWALDO CRUZ,1
BIOTECHNOLOGY & GENETIC ENGINEERING REVIEWS,1
KLINICHESKAIA LABORATORNAIA DIAGNOSTIKA,1
ANTIMICROBIAL AGENTS AND CHEMOTHERAPY,1
"VIROLOGIE (MONTROUGE, FRANCE)",1
"PHENOMICS (CHAM, SWITZERLAND)",1
NATURAL PRODUCT REPORTS,1
STANDARDS IN GENOMIC SCIENCES,1
SYSTEMS AND SYNTHETIC BIOLOGY,1
HELICOBACTER,1
ONCOTARGET,1
CURRENT PROTOCOLS IN PROTEIN SCIENCE,1
ACTA PHARMACOLOGICA SINICA,1
XI BAO YU FEN ZI MIAN YI XUE ZA ZHI = CHINESE JOURNAL OF CELLULAR AND MOLECULAR IMMUNOLOGY,1
ZEBRAFISH,1
ACTA NATURAE,1
"EUROPEAN JOURNAL OF MASS SPECTROMETRY (CHICHESTER, ENGLAND)",1
MECHANISMS OF AGEING AND DEVELOPMENT,1
PARASITOLOGY TODAY (PERSONAL ED.),1
CURRENT PROTOCOLS IN MICROBIOLOGY,1
MICROBES AND INFECTION,1
PHYSICAL REVIEW LETTERS,1
MOLECULAR THERAPY : THE JOURNAL OF THE AMERICAN SOCIETY OF GENE THERAPY,1
MUTATION RESEARCH. GENETIC TOXICOLOGY AND ENVIRONMENTAL MUTAGENESIS,1
COMPUTATIONAL AND MATHEMATICAL METHODS IN MEDICINE,1
SAR AND QSAR IN ENVIRONMENTAL RESEARCH,1
PARKINSONISM & RELATED DISORDERS,1
ZHONGHUA ER KE ZA ZHI = CHINESE JOURNAL OF PEDIATRICS,1
JOURNAL OF PROTEOMICS & BIOINFORMATICS,1
JOURNAL OF MATERIALS CHEMISTRY. B,1
PHARMACOGNOSY REVIEWS,1
PROGRESS IN MOLECULAR BIOLOGY AND TRANSLATIONAL SCIENCE,1
PHYSIOLOGICAL REVIEWS,1
"NANOMEDICINE : NANOTECHNOLOGY, BIOLOGY, AND MEDICINE",1
MOLECULAR DIAGNOSIS : A JOURNAL DEVOTED TO THE UNDERSTANDING OF HUMAN DISEASE THROUGH THE CLINICAL APPLICATION OF MOLECULAR BIOLOGY,1
BMC PROCEEDINGS,1
DRUG METABOLISM REVIEWS,1
AMERICAN JOURNAL OF PHYSIOLOGY. CELL PHYSIOLOGY,1
BIOCELL : OFFICIAL JOURNAL OF THE SOCIEDADES LATINOAMERICANAS DE MICROSCOPIA ELECTRONICA ... ET. AL,1
ACS BIO & MED CHEM AU,1
JOURNAL OF AOAC INTERNATIONAL,1
PRZEGLAD LEKARSKI,1
BIOLOGY OF REPRODUCTION,1
JOURNAL OF BIOLOGY,1
THE KOREAN JOURNAL OF PARASITOLOGY,1
PREPARATIVE BIOCHEMISTRY & BIOTECHNOLOGY,1
METHODSX,1
EUROPEAN JOURNAL OF PROTISTOLOGY,1
IEEE TRANSACTIONS ON NANOTECHNOLOGY,1
PATHOLOGIE-BIOLOGIE,1
RECENT PATENTS ON BIOTECHNOLOGY,1
JOURNAL OF CELLULAR AND MOLECULAR MEDICINE,1
CANADIAN JOURNAL OF BOTANY. JOURNAL CANADIEN DE BOTANIQUE,1
MOLECULAR REPRODUCTION AND DEVELOPMENT,1
JOURNAL OF PHARMACEUTICAL ANALYSIS,1
MYCOLOGICAL RESEARCH,1
ENGINEERING IN LIFE SCIENCES,1
ENVIRONMENTAL AND EXPERIMENTAL BOTANY,1
CRITICAL REVIEWS IN FOOD SCIENCE AND NUTRITION,1
DIFFERENTIATION; RESEARCH IN BIOLOGICAL DIVERSITY,1
THE JOURNAL OF PHYSICAL CHEMISTRY. A,1
JOURNAL OF INSECT SCIENCE (ONLINE),1
JOURNAL OF ANIMAL SCIENCE,1
NANOSCALE HORIZONS,1
UIRUSU,1
ADVANCED SYNTHESIS & CATALYSIS,1
FRONTIERS IN IMMUNOLOGY,1
MINI REVIEWS IN MEDICINAL CHEMISTRY,1
BIOMAGNETIC RESEARCH AND TECHNOLOGY,1
ARCHIVES OF TOXICOLOGY,1
NEUROQUANTOLOGY : AN INTERDISCIPLINARY JOURNAL OF NEUROSCIENCE AND QUANTUM PHYSICS,1
ADVANCED PHARMACEUTICAL BULLETIN,1
ENVIRONMENTAL TECHNOLOGY,1
THE JOURNAL OF GENERAL AND APPLIED MICROBIOLOGY,1
"MICRORNA (SHARIQAH, UNITED ARAB EMIRATES)",1
JOURNAL OF THE MECHANICAL BEHAVIOR OF BIOMEDICAL MATERIALS,1
HFSP JOURNAL,1
JOURNAL OF OLEO SCIENCE,1
CYTOMETRY. PART A : THE JOURNAL OF THE INTERNATIONAL SOCIETY FOR ANALYTICAL CYTOLOGY,1
ARCHIVES OF MEDICAL RESEARCH,1
CHEMPLUSCHEM,1
BIOLOGICAL REVIEWS OF THE CAMBRIDGE PHILOSOPHICAL SOCIETY,1
MICROSYSTEMS & NANOENGINEERING,1
JOURNAL OF BIOLOGICAL PHYSICS,1
PHYTOTHERAPY RESEARCH : PTR,1
CURRENT RESEARCH IN STRUCTURAL BIOLOGY,1
MUTATION RESEARCH. REVIEWS IN MUTATION RESEARCH,1
WEI SHENG WU XUE BAO = ACTA MICROBIOLOGICA SINICA,1
FRONTIERS IN PUBLIC HEALTH,1
DOSE-RESPONSE : A PUBLICATION OF INTERNATIONAL HORMESIS SOCIETY,1
INTERNATIONAL IMMUNOPHARMACOLOGY,1
CURRENT PROTOCOLS IN HUMAN GENETICS,1
MATRIX BIOLOGY : JOURNAL OF THE INTERNATIONAL SOCIETY FOR MATRIX BIOLOGY,1
JOURNAL OF COMPUTER-AIDED MOLECULAR DESIGN,1
ACS MEDICINAL CHEMISTRY LETTERS,1
ACTA PHYSIOLOGIAE PLANTARUM,1
ACTA TROPICA,1
INTERNATIONAL IMMUNOLOGY,1
"JOURNAL OF IMMUNOLOGY (BALTIMORE, MD. : 1950)",1
BRAIN RESEARCH. GENE EXPRESSION PATTERNS,1
BRAIN RESEARCH BULLETIN,1
GERONTOLOGY,1
KOSMICHESKAIA BIOLOGIIA I AVIAKOSMICHESKAIA MEDITSINA,1
FOLIA HISTOCHEMICA ET CYTOBIOLOGICA,1
PHYTOBIOMES JOURNAL,1
"FOOD ADDITIVES & CONTAMINANTS. PART A, CHEMISTRY, ANALYSIS, CONTROL, EXPOSURE & RISK ASSESSMENT",1
CELL ADHESION & MIGRATION,1
BRAZILIAN JOURNAL OF MEDICAL AND BIOLOGICAL RESEARCH = REVISTA BRASILEIRA DE PESQUISAS MEDICAS E BIOLOGICAS,1
"REACTIVE OXYGEN SPECIES (APEX, N.C.)",1
PHYSICS IN MEDICINE AND BIOLOGY,1
"MATERIALS SCIENCE & ENGINEERING. C, MATERIALS FOR BIOLOGICAL APPLICATIONS",1
THE JOURNAL OF ANTIBIOTICS,1
MATHEMATICAL BIOSCIENCES AND ENGINEERING : MBE,1
ADVANCES AND APPLICATIONS IN BIOINFORMATICS AND CHEMISTRY : AABC,1
SCANNING,1
REDOX REPORT : COMMUNICATIONS IN FREE RADICAL RESEARCH,1
BMC CHEMICAL BIOLOGY,1
"SAAS BULLETIN, BIOCHEMISTRY AND BIOTECHNOLOGY",1
ALLERGY,1
JOURNAL OF TROPICAL MEDICINE,1
JOURNAL OF BIOCHEMICAL AND MOLECULAR TOXICOLOGY,1
"MICROBIAL DRUG RESISTANCE (LARCHMONT, N.Y.)",1
SE PU = CHINESE JOURNAL OF CHROMATOGRAPHY,1
NUCLEIC ACIDS SYMPOSIUM SERIES,1
VETERINARY MICROBIOLOGY,1
"BIOTECHNOLOGY, BIOTECHNOLOGICAL EQUIPMENT",1
CHEMPHYSCHEM : A EUROPEAN JOURNAL OF CHEMICAL PHYSICS AND PHYSICAL CHEMISTRY,1
BIOMEDICINES,1
THE OPEN MICROBIOLOGY JOURNAL,1
CANCER IMMUNITY,1
PROGRESS IN MOLECULAR AND SUBCELLULAR BIOLOGY,1
ENVIRONMENTAL BIOSAFETY RESEARCH,1
"INTERNATIONAL JOURNAL OF RADIATION APPLICATIONS AND INSTRUMENTATION. PART D, NUCLEAR TRACKS AND RADIATION MEASUREMENTS",1
MOLECULAR MEDICINE REPORTS,1
POTATO RESEARCH,1
FUTURE SCIENCE OA,1
"ADVANCED MATERIALS (DEERFIELD BEACH, FLA.)",1
SCIENCE OF AGING KNOWLEDGE ENVIRONMENT : SAGE KE,1
ENVIRONMENTAL ENTOMOLOGY,1
JOURNAL OF ANIMAL PHYSIOLOGY AND ANIMAL NUTRITION,1
"TUBERCULOSIS (EDINBURGH, SCOTLAND)",1
FOOD ADDITIVES AND CONTAMINANTS,1
MOLECULAR BIOLOGY RESEARCH COMMUNICATIONS,1
BIOARCHITECTURE,1
JOURNAL OF DATA SCIENCE : JDS,1
JOURNAL OF THE AMERICAN SOCIETY FOR HORTICULTURAL SCIENCE. AMERICAN SOCIETY FOR HORTICULTURAL SCIENCE,1
AVIAKOSMICHESKAIA I EKOLOGICHESKAIA MEDITSINA = AEROSPACE AND ENVIRONMENTAL MEDICINE,1
BIOPHYSICS AND PHYSICOBIOLOGY,1
HANDBOOK OF EXPERIMENTAL PHARMACOLOGY,1
ACTA BIOMATERIALIA,1
ENDOCRINOLOGY,1
MOLECULAR NUTRITION & FOOD RESEARCH,1
PHARMACEUTICAL BIOLOGY,1
NON-CODING RNA RESEARCH,1
ACS CATALYSIS,1
BIOMEDICAL OPTICS EXPRESS,1
"SMALL (WEINHEIM AN DER BERGSTRASSE, GERMANY)",1
JOURNAL OF ZHEJIANG UNIVERSITY. SCIENCE,1
JOURNAL OF INTEGRATIVE MEDICINE,1
CURRENT PLANT BIOLOGY,1
JACS AU,1
NATURE IMMUNOLOGY,1
TRENDS IN PARASITOLOGY,1
JOURNAL OF THE AMERICAN COLLEGE OF NUTRITION,1
"MOLEKULIARNAIA GENETIKA, MIKROBIOLOGIIA I VIRUSOLOGIIA",1
VACCINES,1
PHARMACOGENETICS,1
TOXICOLOGY RESEARCH,1
BIOLOGICAL CHEMISTRY HOPPE-SEYLER,1
CRITICAL REVIEWS IN PLANT SCIENCES,1
FRONTIERS IN PHARMACOLOGY,1
"DOKLADY BIOLOGICAL SCIENCES : PROCEEDINGS OF THE ACADEMY OF SCIENCES OF THE USSR, BIOLOGICAL SCIENCES SECTIONS",1
NEPHRON. EXPERIMENTAL NEPHROLOGY,1
"MICROSCOPY (OXFORD, ENGLAND)",1
TOXICOLOGY,1
GM CROPS,1
"RESEARCH (WASHINGTON, D.C.)",1
MEMBRANE & CELL BIOLOGY,1
"COMPARATIVE BIOCHEMISTRY AND PHYSIOLOGY. PART B, BIOCHEMISTRY & MOLECULAR BIOLOGY",1
THE PHYSIOLOGIST,1
"JOURNAL OF ENVIRONMENTAL SCIENCE AND HEALTH. PART A, TOXIC/HAZARDOUS SUBSTANCES & ENVIRONMENTAL ENGINEERING",1
AQUATIC BIOSYSTEMS,1
MEDICINAL CHEMISTRY (SHARIQAH (UNITED ARAB EMIRATES)),1
ENVIRONMENTAL HEALTH PERSPECTIVES,1
PROTEIN ENGINEERING,1
ACTA MATHEMATICAE APPLICATAE SINICA (ENGLISH SERIES),1
CURRENT OPINION IN IMMUNOLOGY,1
CELL JOURNAL,1
"APMIS : ACTA PATHOLOGICA, MICROBIOLOGICA, ET IMMUNOLOGICA SCANDINAVICA",1
JOURNAL OF BIOMOLECULAR SCREENING,1
SOLID STATE NUCLEAR MAGNETIC RESONANCE,1
CELL REPORTS METHODS,1
PHARMACOGNOSY MAGAZINE,1
BIOLOGICAL JOURNAL OF THE LINNEAN SOCIETY. LINNEAN SOCIETY OF LONDON,1
BIOIMPACTS : BI,1
"BIOELECTROCHEMISTRY (AMSTERDAM, NETHERLANDS)",1
INDIAN JOURNAL OF MICROBIOLOGY,1
PLANT PATHOLOGY,1
ACTA BOTANICA GALLICA : BULLETIN DE LA SOCIETE BOTANIQUE DE FRANCE,1
ORPHANET JOURNAL OF RARE DISEASES,1
"INTERNATIONAL JOURNAL OF RADIATION BIOLOGY AND RELATED STUDIES IN PHYSICS, CHEMISTRY, AND MEDICINE",1
PROGRESS IN NEUROBIOLOGY,1
BIOFIZIKA,1
THE EUROPEAN RESPIRATORY JOURNAL,1
VETERINARY RESEARCH,1
BBA ADVANCES,1
CYTOGENETICS AND CELL GENETICS,1
THE JOURNAL OF EXPERIMENTAL MEDICINE,1
"JOURNAL OF CHROMATOGRAPHY. B, BIOMEDICAL SCIENCES AND APPLICATIONS",1
ADVANCES IN ENZYME REGULATION,1
STUDIES IN HEALTH TECHNOLOGY AND INFORMATICS,1
INTERNATIONAL JOURNAL OF EVOLUTIONARY BIOLOGY,1
ENVIRONMENTAL MICROBIOME,1
DIE NATURWISSENSCHAFTEN,1
FRONTIERS IN BIOSCIENCE (ELITE EDITION),1
THE JOURNAL OF NEUROSCIENCE : THE OFFICIAL JOURNAL OF THE SOCIETY FOR NEUROSCIENCE,1
GENOME DYNAMICS,1
